{"cameraMode":{"drawMode":0,"name":"Shaded","section":"Shading Mode"},"sceneLighting":true,"audioPlay":false,"sceneViewState":{"showFog":true,"showMaterialUpdate":false,"showSkybox":true,"showFlares":true,"showImageEffects":true,"showParticleSystems":true},"in2DMode":false,"pivot":{"x":-36.22473907470703,"y":8.037259101867676,"z":-25.146394729614259},"rotation":{"x":0.04088194668292999,"y":0.9561219811439514,"z":-0.2401130497455597,"w":0.16280409693717957},"size":7.787554740905762,"orthographic":false}