{"cameraMode":{"drawMode":0,"name":"Shaded","section":"Shading Mode"},"sceneLighting":false,"audioPlay":false,"sceneViewState":{"showFog":true,"showMaterialUpdate":false,"showSkybox":true,"showFlares":true,"showImageEffects":true,"showParticleSystems":true},"in2DMode":false,"pivot":{"x":1.069197654724121,"y":2.0523576736450197,"z":-6.2372283935546879},"rotation":{"x":-0.10275772958993912,"y":0.8159900307655335,"z":-0.1530430018901825,"w":-0.5478860139846802},"size":13.344305038452149,"orthographic":false}