{"cameraMode":{"drawMode":0,"name":"Shaded","section":"Shading Mode"},"sceneLighting":false,"audioPlay":false,"sceneViewState":{"showFog":true,"showMaterialUpdate":false,"showSkybox":true,"showFlares":true,"showImageEffects":true,"showParticleSystems":true},"in2DMode":false,"pivot":{"x":0.17012548446655274,"y":1.9288177490234376,"z":4.043473720550537},"rotation":{"x":0.40464308857917788,"y":0.5195827484130859,"z":-0.30576011538505556,"w":0.6876107454299927},"size":12.085376739501954,"orthographic":false}