{"cameraMode":{"drawMode":0,"name":"Shaded","section":"Shading Mode"},"sceneLighting":false,"audioPlay":false,"sceneViewState":{"showFog":true,"showMaterialUpdate":false,"showSkybox":true,"showFlares":true,"showImageEffects":true,"showParticleSystems":true},"in2DMode":false,"pivot":{"x":3.126939296722412,"y":-1.4061927795410157,"z":1.6410499811172486},"rotation":{"x":0.2584450840950012,"y":0.6836438775062561,"z":-0.2848701477050781,"w":0.6202307939529419},"size":10.526167869567871,"orthographic":false}